date,Open,High,Low,Close,High_Last_7_Days,Days_Since_High_Last_7_Days,%_Diff_From_High_Last_7_Days,Low_Last_7_Days,Days_Since_Low_Last_7_Days,%_Diff_From_Low_Last_7_Days,High_Next_5_Days,%_Diff_From_High_Next_5_Days,Low_Next_5_Days,%_Diff_From_Low_Next_5_Days
2023-10-01,1670.97,1756.57,1668.69,1733.44,1756.57,6.0,-1.3167707520907155,1668.69,6.0,3.880289328754891,1661.26,4.3448948388572575,1611.72,7.552180279453008
2023-10-02,1733.44,1743.65,1638.79,1662.8,1756.57,5.0,-5.338244419522136,1638.79,6.0,1.4651053521195512,1661.26,0.09270072113937396,1611.72,3.1692849874668014
2023-10-03,1662.8,1670.57,1643.9,1656.96,1756.57,4.0,-5.670710532458138,1638.79,5.0,1.1087448666394153,1661.26,-0.25883967590864493,1611.72,2.8069391705755344
2023-10-04,1656.96,1657.76,1625.61,1646.79,1756.57,3.0,-6.249679773649782,1625.61,6.0,1.3028955284477868,1661.26,-0.8710256070693345,1547.88,6.3900302349019205
2023-10-05,1646.79,1654.85,1608.96,1611.72,1756.57,2.0,-8.246184325133637,1608.96,6.0,0.17153937947493977,1661.26,-2.9820738475614874,1547.88,4.124350724862387
2023-10-06,1611.72,1661.26,1611.72,1645.93,1756.57,1.0,-6.298638824527339,1608.96,5.0,2.29775755767701,1648.54,-0.1583219090831827,1545.6,6.491330227743282
2023-10-07,1645.93,1648.54,1631.04,1634.64,1756.57,0.0,-6.941368690117663,1608.96,4.0,1.5960620525059706,1642.17,-0.45853961526516573,1521.78,7.416315104680055
2023-10-08,1634.64,1642.17,1617.5,1633.61,1743.65,0.0,-6.310899549794981,1608.96,3.0,1.532045544948281,1636.39,-0.16988615183423267,1521.78,7.348631208190404
2023-10-09,1633.61,1636.39,1547.88,1580.25,1670.57,0.0,-5.406537888265678,1547.88,6.0,2.091247383518095,1594.87,-0.9166891345376044,1521.78,3.8422110949020247
2023-10-10,1580.25,1594.87,1551.22,1567.68,1661.26,2.0,-5.633073691053774,1547.88,5.0,1.2791689278238592,1578.37,-0.677280992416216,1521.78,3.0162047076450005
2023-10-11,1567.68,1578.37,1545.6,1566.52,1661.26,1.0,-5.702900208275647,1545.6,6.0,1.3535196687370648,1640.11,-4.486894171732379,1521.78,2.939978183443074
2023-10-12,1566.52,1567.96,1521.78,1539.43,1661.26,0.0,-7.333590166500121,1521.78,6.0,1.159825993244759,1640.11,-6.138612654029293,1537.64,0.1164121640956247
2023-10-13,1539.43,1573.36,1537.64,1552.12,1648.54,0.0,-5.848811675785851,1521.78,5.0,1.9937178830054227,1640.11,-5.364884062654335,1545.01,0.4601911961734811
2023-10-14,1552.12,1561.42,1545.01,1555.02,1642.17,0.0,-5.307002320100848,1521.78,4.0,2.184284193510232,1640.11,-5.188066654065881,1542.75,0.7953330092367514
2023-10-15,1555.02,1566.8,1548.99,1557.99,1636.39,0.0,-4.791033922231258,1521.78,3.0,2.3794503804754985,1640.11,-5.006981239063228,1542.75,0.9878463782207103
2023-10-16,1557.99,1640.11,1555.34,1600.09,1640.11,6.0,-2.440080238520586,1521.78,2.0,5.14594750883833,1644.6,-2.7064331752401793,1542.75,3.716739588397337
2023-10-17,1600.09,1601.37,1553.3,1565.4,1640.11,5.0,-4.555182274359635,1521.78,1.0,2.8663801600757086,1668.32,-6.1690802723698,1542.75,1.4681575109382654
2023-10-18,1565.4,1585.93,1556.22,1563.66,1640.11,4.0,-4.661272719512705,1521.78,0.0,2.752040373772826,1799.36,-13.099101902898798,1542.75,1.3553719008264515
2023-10-19,1563.66,1575.26,1542.75,1567.55,1640.11,3.0,-4.42409350592338,1537.64,0.0,1.9451887307822282,1854.43,-15.469982690098849,1562.17,0.34439273574578194
2023-10-20,1567.55,1631.26,1562.17,1604.86,1640.11,2.0,-2.149246087152691,1542.75,5.0,4.025927726462479,1854.43,-13.458043711544795,1593.24,0.7293314252717664
2023-10-21,1604.86,1644.6,1593.24,1629.44,1644.6,6.0,-0.9218046941505446,1542.75,4.0,5.619186517582244,1865.88,-12.671768816858537,1622.28,0.4413541435510567
2023-10-22,1629.44,1668.32,1622.28,1664.18,1668.32,6.0,-0.24815383139924432,1542.75,3.0,7.871009560849138,1865.88,-10.8099127489442,1658.04,0.3703167595474235
2023-10-23,1664.18,1799.36,1658.04,1766.32,1799.36,6.0,-1.8362084296638788,1542.75,2.0,14.491654513044882,1865.88,-5.335820095611731,1745.3,1.2043774709219035
2023-10-24,1766.32,1854.43,1746.5,1785.2,1854.43,6.0,-3.7332226074858585,1542.75,1.0,15.715443202074223,1865.88,-4.323965099577682,1745.3,2.286139918638635
2023-10-25,1785.2,1817.52,1760.54,1787.67,1854.43,5.0,-3.600028040961373,1542.75,0.0,15.875546912980074,1865.88,-4.191587883465176,1745.3,2.4276628659829322
2023-10-26,1787.67,1865.88,1763.34,1803.72,1865.88,6.0,-3.3314039488070013,1562.17,0.0,15.462465672750081,1830.35,-1.4549129947824122,1745.3,3.347275540021777
2023-10-27,1803.72,1804.16,1745.3,1779.98,1865.88,5.0,-4.603725855896418,1593.24,0.0,11.72077025432452,1857.88,-4.192951105561182,1763.3,0.9459536097090718
2023-10-28,1779.98,1803.03,1771.67,1776.59,1865.88,4.0,-4.78540956545974,1622.28,0.0,9.511921493207089,1874.87,-5.241963442798699,1763.3,0.75370044802359
2023-10-29,1776.59,1811.49,1763.3,1795.69,1865.88,3.0,-3.7617638862091907,1658.04,0.0,8.301971001905871,1874.87,-4.223226143679287,1777.57,1.0193691387681
2023-10-30,1795.69,1830.35,1778.41,1809.85,1865.88,2.0,-3.0028726391836664,1745.3,3.0,3.6985045550908127,1874.87,-3.467973779515379,1777.57,1.8159622405868672
2023-10-31,1809.85,1819.86,1782.09,1815.45,1865.88,1.0,-2.702746157309155,1745.3,2.0,4.019366298057646,1913.61,-5.129571856334356,1777.57,2.130999060515204
2023-11-01,1815.45,1857.88,1784.08,1847.63,1865.88,0.0,-0.9780907668231611,1745.3,1.0,5.863175385320584,1915.3,-3.533127969508685,1777.57,3.941335643603356
2023-11-02,1847.63,1874.87,1785.57,1801.34,1874.87,6.0,-3.921871916452873,1745.3,0.0,3.2109092992608703,1915.3,-5.9499817261003525,1777.57,1.3372187874457817
2023-11-03,1801.34,1835.48,1777.57,1833.71,1874.87,5.0,-2.195352211086628,1763.3,1.0,3.9930811546532117,1915.3,-4.259907064167489,1825.2,0.4662502739425811
2023-11-04,1833.71,1870.53,1825.2,1857.23,1874.87,4.0,-0.940865233322837,1763.3,0.0,5.3269437985595225,2131.61,-12.871960630696988,1847.68,0.5168643921025261
2023-11-05,1857.23,1913.61,1847.68,1893.28,1913.61,6.0,-1.062389933162971,1777.57,4.0,6.509448291769103,2136.09,-11.367030415385127,1851.17,2.2747775731024107
2023-11-06,1893.28,1915.3,1870.95,1901.65,1915.3,6.0,-0.7126820863572215,1777.57,3.0,6.980315824411987,2136.09,-10.975192992804612,1851.17,2.726924053436476
2023-11-07,1901.65,1907.78,1851.17,1886.12,1915.3,5.0,-1.5235211194068847,1777.57,2.0,6.106651214860735,2136.09,-11.702222284641575,1873.92,0.6510416666666569
2023-11-08,1886.12,1905.07,1873.92,1889.05,1915.3,4.0,-1.3705424737639014,1777.57,1.0,6.271482979573238,2136.09,-11.565055779484954,1883.26,0.30744559965166596
2023-11-09,1889.05,2131.61,1883.26,2121.13,2131.61,6.0,-0.4916471587204046,1777.57,0.0,19.327508902603004,2136.09,-0.7003450229157028,1930.94,9.849606927196083
2023-11-10,2121.13,2136.09,2066.23,2078.52,2136.09,6.0,-2.6951111610465928,1825.2,0.0,13.87902695595003,2118.47,-1.8857949369120084,1930.94,7.642909670937467
2023-11-11,2078.52,2090.87,2032.5,2053.53,2136.09,5.0,-3.8650056879625834,1847.68,0.0,11.140998441288543,2118.47,-3.0654198548952594,1930.36,6.380675107233899
2023-11-12,2053.53,2066.66,2014.15,2045.4,2136.09,4.0,-4.245607628892043,1851.17,1.0,10.492283258695851,2118.47,-3.4491873852355575,1906.37,7.292917954017332
2023-11-13,2045.4,2118.47,2030.13,2054.32,2136.09,3.0,-3.828022227527865,1851.17,0.0,10.974140678597864,2092.27,-1.8138194401296115,1906.37,7.760822925245376
2023-11-14,2054.32,2065.29,1930.94,1979.66,2136.09,2.0,-7.323193311143259,1873.92,0.0,5.6427168715847,2092.27,-5.382192546851023,1906.37,3.844479298352376
2023-11-15,1979.66,2063.09,1967.9,2059.63,2136.09,1.0,-3.579437195998297,1883.26,0.0,9.365143421513764,2092.27,-1.5600281034474457,1906.37,8.039362767983143
2023-11-16,2059.63,2092.27,1930.36,1961.54,2136.09,0.0,-8.171472175797845,1930.36,6.0,1.615242752647178,2067.57,-5.128242332786807,1906.37,2.8939817559025833
2023-11-17,1961.54,1991.18,1906.37,1961.61,2118.47,2.0,-7.404400345532385,1906.37,6.0,2.897653655901006,2092.34,-6.248028523088993,1918.15,2.265724786904038
2023-11-18,1961.61,1972.15,1918.15,1963.67,2118.47,1.0,-7.30716035629486,1906.37,5.0,3.005712427283276,2092.34,-6.149574160987223,1930.15,1.736652591767478
2023-11-19,1963.67,2016.3,1944.72,2012.46,2118.47,0.0,-5.0040831354704,1906.37,4.0,5.565026726186425,2133.82,-5.6874525498870625,1930.15,4.2644354065746155
2023-11-20,2012.46,2067.57,1995.32,2022.62,2092.27,2.0,-3.3289202636371065,1906.37,3.0,6.097976783100868,2133.82,-5.211311169639439,1930.15,4.790819366370479
2023-11-21,2022.62,2035.52,1932.84,1933.76,2092.27,1.0,-7.575982067324007,1906.37,2.0,1.4367620136699644,2133.82,-9.375673674443025,1930.15,0.1870320959510867
2023-11-22,1933.76,2092.34,1930.15,2064.08,2092.34,6.0,-1.350640909221265,1906.37,1.0,8.272790696454521,2133.82,-3.2683169152037297,1986.06,3.9283808142754992
2023-11-23,2064.08,2088.81,2040.7,2062.63,2092.34,5.0,-1.419941309729778,1906.37,0.0,8.196729910772842,2133.82,-3.336270163368984,1986.06,3.855371942438807
2023-11-24,2062.63,2133.82,2059.8,2082.24,2133.82,6.0,-2.417261062320176,1918.15,0.0,8.554596877199367,2095.12,-0.6147619229447531,1986.06,4.8427539953475645
2023-11-25,2082.24,2091.51,2067.12,2084.06,2133.82,5.0,-2.3319680197954944,1930.15,3.0,7.973991658679369,2095.12,-0.5278933903547265,1986.06,4.934392717239157
2023-11-26,2084.06,2095.12,2037.74,2063.01,2133.82,4.0,-3.318461725918772,1930.15,2.0,6.883402844338529,2111.43,-2.293232548557121,1986.06,3.8745053019546374
2023-11-27,2063.01,2071.85,1986.06,2027.67,2133.82,3.0,-4.974646408787999,1930.15,1.0,5.05245706292257,2189.14,-7.375955854810556,1995.65,1.6044897652393946
2023-11-28,2027.67,2075.82,1995.65,2049.1,2133.82,2.0,-3.9703442652145093,1930.15,0.0,6.162733466310899,2217.45,-7.5920539358271855,2019.91,1.4451138912129662
2023-11-29,2049.1,2075.4,2019.91,2029.17,2133.82,1.0,-4.904349945168763,1986.06,4.0,2.1706292861242926,2273.89,-10.762174071744887,2021.3,0.38935338643447875
2023-11-30,2029.17,2055.28,2021.3,2052.93,2133.82,0.0,-3.790853961440062,1986.06,3.0,3.366967765324305,2309.38,-11.104712087226885,2046.0,0.3387096774193468
2023-12-01,2052.93,2111.43,2046.0,2088.21,2111.43,6.0,-1.0997286199400313,1986.06,2.0,5.143349143530411,2312.02,-9.680279582356551,2087.29,0.04407629030944779
2023-12-02,2088.21,2189.14,2087.29,2165.6,2189.14,6.0,-1.0753081118612773,1986.06,1.0,9.04000886176651,2383.16,-9.129055539703584,2150.33,0.7101235624299518
2023-12-03,2165.6,2217.45,2150.33,2193.78,2217.45,6.0,-1.067442332408831,1986.06,0.0,10.458898522703254,2391.56,-8.269915870812346,2189.0,0.21836455002285063
2023-12-04,2193.78,2273.89,2192.42,2243.25,2273.89,6.0,-1.347470634023628,1995.65,0.0,12.406985192794323,2403.29,-6.6592046735932815,2189.0,2.4783005938784837
2023-12-05,2243.25,2309.38,2189.0,2293.88,2309.38,6.0,-0.6711758134217841,2019.91,0.0,13.56347560039804,2403.29,-4.552509268544364,2220.51,3.3041958829277904
2023-12-06,2293.88,2312.02,2220.51,2232.96,2312.02,6.0,-3.4195205923824163,2021.3,0.0,10.471478751298674,2403.29,-7.087367733398795,2133.47,4.663295007663583
2023-12-07,2232.96,2383.16,2222.53,2356.77,2383.16,6.0,-1.107353262055417,2046.0,0.0,15.189149560117302,2403.29,-1.9356798388875243,2133.47,10.466516988755417
2023-12-08,2356.77,2391.56,2339.41,2358.94,2391.56,6.0,-1.3639632708357678,2087.29,0.0,13.014482894087553,2403.29,-1.845386948724453,2133.47,10.568229222815425
2023-12-09,2358.94,2403.29,2330.43,2341.13,2403.29,6.0,-2.5864544020904616,2150.33,0.0,8.873056693623777,2377.41,-1.5260304280708732,2133.47,9.73343895156718
2023-12-10,2341.13,2377.41,2322.8,2352.31,2403.29,5.0,-2.121258774430053,2189.0,1.0,7.460484239378709,2354.9,-0.10998343878721582,2133.47,10.257467880963883
2023-12-11,2352.31,2354.9,2133.47,2224.1,2403.29,4.0,-7.45602902687566,2133.47,6.0,4.248009111916273,2332.24,-4.63674407436627,2145.57,3.6600996471799916
2023-12-12,2224.1,2242.96,2165.58,2202.33,2403.29,3.0,-8.361870602382568,2133.47,5.0,3.2276057315078313,2332.24,-5.570181456453875,2145.57,2.645450859212226
2023-12-13,2202.33,2284.2,2145.57,2260.72,2403.29,2.0,-5.932284493340386,2133.47,4.0,5.96446165167544,2332.24,-3.066579768805954,2115.85,6.8468936833896485
2023-12-14,2260.72,2332.24,2231.57,2316.03,2403.29,1.0,-3.6308560348522136,2133.47,3.0,8.556951820274033,2318.06,-0.08757322933831503,2115.85,9.460973131365659
2023-12-15,2316.03,2318.06,2201.14,2220.32,2403.29,0.0,-7.6133134161919624,2133.47,2.0,4.070832962263372,2265.11,-1.9773874116488808,2115.85,4.937495569156615
2023-12-16,2220.32,2261.92,2210.47,2227.14,2377.41,0.0,-6.3207440029275554,2133.47,1.0,4.390499983594805,2279.1,-2.279847308147955,2115.85,5.25982465675733
2023-12-17,2227.14,2245.8,2190.85,2194.84,2354.9,0.0,-6.796891587753192,2133.47,0.0,2.8765344720104036,2343.73,-6.35269420965725,2115.85,3.7332514119621067
2023-12-18,2194.84,2222.91,2115.85,2218.75,2332.24,2.0,-4.866137275752058,2115.85,6.0,4.8632937117470565,2343.73,-5.332525504217637,2135.19,3.9134690589596217
2023-12-19,2218.75,2253.93,2135.19,2177.38,2332.24,1.0,-6.6399684423558325,2115.85,5.0,2.908051137840594,2343.73,-7.097660566703498,2157.77,0.9088086311330738
2023-12-20,2177.38,2265.11,2157.77,2202.03,2332.24,0.0,-5.58304462662503,2115.85,4.0,4.07306756150012,2343.73,-6.045918258502465,2183.31,0.857413743352994
2023-12-21,2202.03,2279.1,2183.31,2239.88,2318.06,0.0,-3.3726478175715826,2115.85,3.0,5.861946735354595,2343.73,-4.430971144287095,2174.17,3.0223027638133186
2023-12-22,2239.88,2343.73,2231.32,2326.53,2343.73,6.0,-0.7338729290489868,2115.85,2.0,9.95722759174801,2393.37,-2.7927148748417374,2174.17,7.007731686114707
2023-12-23,2326.53,2332.23,2267.35,2309.54,2343.73,5.0,-1.4587857816386722,2115.85,1.0,9.154240612519795,2447.35,-5.630988620344453,2174.17,6.226284053224903
2023-12-24,2309.54,2326.83,2245.12,2265.42,2343.73,4.0,-3.3412551787108558,2115.85,0.0,7.069026632322715,2447.35,-7.43375487772488,2174.17,4.197003914137349
2023-12-25,2265.42,2304.59,2254.36,2271.75,2343.73,3.0,-3.071172874008526,2135.19,0.0,6.395683756480686,2447.35,-7.1751077696283705,2174.17,4.48814950072901
2023-12-26,2271.75,2275.06,2174.17,2230.94,2343.73,2.0,-4.812414399269539,2157.77,0.0,3.3910008944419507,2447.35,-8.842625697182662,2212.66,0.8261549447271701
2023-12-27,2230.94,2393.37,2212.66,2380.34,2393.37,6.0,-0.5444206286533109,2174.17,5.0,9.482699144961067,2447.35,-2.7380636198336883,2256.07,5.508251073769873
2023-12-28,2380.34,2447.35,2337.42,2345.44,2447.35,6.0,-4.164095858786028,2174.17,4.0,7.877488880814287,2432.62,-3.583790316613357,2256.07,3.961313257124109
2023-12-29,2345.44,2386.68,2256.07,2299.64,2447.35,5.0,-6.035507794144689,2174.17,3.0,5.770937875143148,2432.62,-5.466534025042959,2092.33,9.908092891656668
2023-12-30,2299.64,2322.76,2268.2,2291.65,2447.35,4.0,-6.361983369767292,2174.17,2.0,5.403441313236776,2432.62,-5.794986475487327,2092.33,9.526221963074667
2023-12-31,2291.65,2319.95,2259.29,2281.36,2447.35,3.0,-6.782438147383896,2174.17,1.0,4.9301572554124125,2432.62,-6.217987190765503,2092.33,9.03442573590209
2024-01-01,2281.36,2352.66,2265.26,2352.65,2447.35,2.0,-3.8694914907961597,2174.17,0.0,8.209109683235443,2432.62,-3.2874020603300065,2092.33,12.441632056128823
2024-01-02,2352.65,2432.62,2343.68,2356.28,2447.35,1.0,-3.72116779373607,2212.66,0.0,6.490830041669319,2385.27,-1.2153760370943238,2092.33,12.61512285346959
2024-01-03,2356.28,2385.27,2092.33,2210.57,2447.35,0.0,-9.67495454266859,2092.33,6.0,5.651116219716787,2360.37,-6.34646263085871,2168.41,1.9442817548342015
2024-01-04,2210.57,2296.81,2203.62,2269.47,2432.62,4.0,-6.706760612015033,2092.33,5.0,8.466159735796928,2373.21,-4.371294575701276,2168.41,4.660557735852535
2024-01-05,2269.47,2277.99,2208.01,2270.21,2432.62,3.0,-6.676340735503279,2092.33,4.0,8.501527005778254,2643.46,-14.119752143024671,2168.41,4.694684123389958
2024-01-06,2270.21,2271.59,2218.09,2241.73,2432.62,2.0,-7.847094901793124,2092.33,3.0,7.140365047578541,2690.17,-16.669578502473822,2168.41,3.3812793705987416
2024-01-07,2241.73,2258.2,2207.13,2222.73,2432.62,1.0,-8.628145785202781,2092.33,2.0,6.232286494004296,2717.2,-18.19777712350949,2168.41,2.5050613122057253
2024-01-08,2222.73,2360.37,2168.41,2332.66,2432.62,0.0,-4.109149805559439,2092.33,1.0,11.486237830552538,2717.2,-14.152068305608715,2231.3,4.542643302110862
2024-01-09,2332.66,2373.21,2231.3,2344.97,2385.27,0.0,-1.6895361950638788,2092.33,0.0,12.074577146052482,2717.2,-13.699028411600178,2341.51,0.14776789336793697
2024-01-10,2344.97,2643.46,2341.51,2584.69,2643.46,6.0,-2.223222594629765,2168.41,4.0,19.19747649199184,2717.2,-4.876711320476954,2455.87,5.245391653467006
2024-01-11,2584.69,2690.17,2567.23,2618.71,2690.17,6.0,-2.6563377035652036,2168.41,3.0,20.766367983914492,2717.2,-3.624687177977322,2455.87,6.630644130186051
2024-01-12,2618.71,2717.2,2455.87,2522.11,2717.2,6.0,-7.179817459149112,2168.41,2.0,16.31149090808474,2613.41,-3.4935199605113523,2468.6,2.1676253747063203
2024-01-13,2522.11,2589.5,2497.1,2577.89,2717.2,5.0,-5.126968938613277,2168.41,1.0,18.88388266056696,2613.41,-1.3591438006282974,2424.13,6.342894151716276
2024-01-14,2577.89,2578.65,2468.6,2470.94,2717.2,4.0,-9.0630060356249,2168.41,0.0,13.951697326612598,2613.41,-5.451498234107921,2412.93,2.404131077155169
2024-01-15,2470.94,2551.4,2469.25,2510.12,2717.2,3.0,-7.621080524068892,2231.3,0.0,12.495854434634504,2613.41,-3.9523075215905648,2412.93,4.027883113061716
2024-01-16,2510.12,2613.41,2498.62,2586.91,2717.2,2.0,-4.795009568673633,2341.51,0.0,10.480416483380365,2592.23,-0.2052287026999982,2412.93,7.210321061945437
2024-01-17,2586.91,2592.23,2505.29,2528.09,2717.2,1.0,-6.959737965552764,2455.87,1.0,2.9407094023706573,2546.7,-0.7307495975183442,2302.07,9.818120213546937
2024-01-18,2528.09,2546.7,2424.13,2468.6,2717.2,0.0,-9.14912409833652,2424.13,6.0,1.8344725736655954,2501.85,-1.3290165277694506,2165.34,14.005190870717751
2024-01-19,2468.6,2501.85,2412.93,2490.05,2613.41,3.0,-4.7202696859658335,2412.93,6.0,3.1961142677160277,2490.05,0.0,2165.34,14.99579742673206
2024-01-20,2490.05,2490.05,2452.6,2470.31,2613.41,2.0,-5.47560466976096,2412.93,5.0,2.378021741202609,2480.59,-0.4144175377632015,2165.34,14.084162302455955
2024-01-21,2470.31,2480.59,2451.91,2455.35,2613.41,1.0,-6.04803685606162,2412.93,4.0,1.758028620805414,2464.27,-0.36197332272843774,2165.34,13.393277730056239
2024-01-22,2455.35,2464.27,2302.07,2311.54,2613.41,0.0,-11.550809096161716,2302.07,6.0,0.4113688984261903,2349.2,-1.603098927294392,2165.34,6.751826502997211
2024-01-23,2311.54,2349.2,2165.34,2241.32,2592.23,0.0,-13.536993245198145,2165.34,6.0,3.508917768110321,2307.73,-2.8777196639121496,2170.05,3.284256123130802
2024-01-24,2241.32,2262.69,2195.63,2234.13,2546.7,0.0,-12.273530451172094,2165.34,5.0,3.1768682978192784,2322.48,-3.804123178671072,2170.05,2.9529273519043304
2024-01-25,2234.13,2241.03,2170.05,2217.5,2501.85,0.0,-11.365589463796786,2165.34,4.0,2.4088595786342952,2391.57,-7.278482335871421,2194.89,1.0301199604536049
2024-01-26,2217.5,2281.01,2194.89,2267.33,2490.05,0.0,-8.944398706853287,2165.34,3.0,4.710114808759815,2391.57,-5.1949138013940726,2233.69,1.5060281417743677
2024-01-27,2267.33,2282.56,2251.19,2267.97,2480.59,0.0,-8.571347945448474,2165.34,2.0,4.739671368006856,2391.57,-5.168153137896877,2233.69,1.5346802824026495
2024-01-28,2267.97,2307.73,2239.84,2256.6,2464.27,0.0,-8.42724214473252,2165.34,1.0,4.214580620133548,2391.57,-5.643573050339326,2233.69,1.0256570965532306
2024-01-29,2256.6,2322.48,2233.69,2317.51,2349.2,0.0,-1.3489698620806914,2165.34,0.0,7.02753378222358,2391.57,-3.096710529066678,2239.78,3.470430131530776
2024-01-30,2317.51,2391.57,2297.16,2343.1,2391.57,6.0,-2.026702124545811,2170.05,1.0,7.974470634317169,2351.47,-0.35594755620951535,2239.78,4.612953057889601
2024-01-31,2343.1,2351.47,2263.16,2281.77,2391.57,5.0,-4.591126331238483,2170.05,0.0,5.148268473076648,2335.71,-2.3093620355266733,2239.78,1.8747376974524184
2024-02-01,2281.77,2310.4,2239.78,2303.34,2391.57,4.0,-3.6892083443093875,2194.89,0.0,4.941022101335387,2392.04,-3.708131971037266,2267.59,1.5765636645072518
2024-02-02,2303.34,2323.08,2280.8,2307.85,2391.57,3.0,-3.500629293727562,2233.69,2.0,3.320066795302833,2473.23,-6.68680227880141,2267.59,1.7754532344912335
2024-02-03,2307.85,2328.23,2292.31,2295.87,2391.57,2.0,-4.001555463565786,2233.69,1.0,2.7837345379170717,2473.23,-7.171189092805768,2267.59,1.247139033070341
2024-02-04,2295.87,2309.1,2267.59,2288.68,2391.57,1.0,-4.302194792542151,2233.69,0.0,2.4618456455461493,2523.95,-9.321500029715327,2268.15,0.905142957917234
2024-02-05,2288.68,2335.71,2268.15,2299.16,2391.57,0.0,-3.8639889277754906,2239.78,2.0,2.6511532382644565,2523.95,-8.906277858119218,2296.27,0.1258562799670715
2024-02-06,2299.16,2392.04,2296.27,2372.2,2392.04,6.0,-0.8294175682680952,2239.78,1.0,5.91218780415932,2540.37,-6.619901825324661,2353.16,0.8091247513981185
2024-02-07,2372.2,2473.23,2353.16,2424.33,2473.23,6.0,-1.977171552989414,2239.78,0.0,8.239648536909861,2666.3,-9.07512282938905,2411.45,0.5341184764353443
2024-02-08,2424.33,2462.14,2411.45,2419.79,2473.23,5.0,-2.160737173655505,2267.59,2.0,6.7119717409231745,2686.7,-9.934492127889227,2419.06,0.03017701090506305
2024-02-09,2419.79,2523.95,2419.06,2487.62,2523.95,6.0,-1.4394104479090288,2267.59,1.0,9.703253233609239,2788.42,-10.787471040947928,2472.79,0.5997274333849589
2024-02-10,2487.62,2517.14,2473.58,2500.87,2523.95,5.0,-0.9144396679807416,2267.59,0.0,10.287574032342697,2867.69,-12.791480250654713,2472.79,1.13555942882331
2024-02-11,2500.87,2540.37,2494.72,2507.91,2540.37,6.0,-1.2777666245468193,2268.15,0.0,10.570729449110498,2867.69,-12.545986490868962,2472.79,1.4202580890411192
2024-02-12,2507.91,2666.3,2472.79,2660.56,2666.3,6.0,-0.21527960094513882,2296.27,0.0,15.86442360872197,2867.69,-7.222886713696393,2591.27,2.673978396693512
2024-02-13,2660.56,2686.7,2591.27,2641.6,2686.7,6.0,-1.6786392228384228,2353.16,0.0,12.257560046915641,2895.47,-8.767833892252378,2619.8,0.8321245896633226
2024-02-14,2641.6,2788.42,2619.8,2777.51,2788.42,6.0,-0.3912610008535248,2411.45,0.0,15.1800783760808,2984.2,-6.926144360297553,2720.42,2.0985730144610075
2024-02-15,2777.51,2867.69,2762.64,2825.35,2867.69,6.0,-1.4764496859841945,2419.06,0.0,16.795366795366796,3032.5,-6.8309975267930785,2720.42,3.8571250027569213
2024-02-16,2825.35,2859.47,2744.76,2804.05,2867.69,5.0,-2.2192077944268687,2472.79,2.0,13.396204287464775,3032.5,-7.533388293487215,2720.42,3.074157666830861
2024-02-17,2804.05,2806.14,2720.42,2787.0,2867.69,4.0,-2.8137629939079907,2472.79,1.0,12.706699719749759,3035.27,-8.179502976670939,2766.78,0.7308134365580132
2024-02-18,2787.0,2895.47,2766.78,2881.4,2895.47,6.0,-0.48593147226528716,2472.79,0.0,16.524249936306767,3035.27,-5.069400745238476,2857.64,0.8314553267731493
2024-02-19,2881.4,2984.2,2857.64,2945.0,2984.2,6.0,-1.3135848803699424,2591.27,0.0,13.650835304696155,3035.27,-2.9740352588072883,2869.15,2.6436401024693694
2024-02-20,2945.0,3032.5,2874.59,3015.27,3032.5,6.0,-0.5681780708985992,2619.8,0.0,15.095427131842118,3119.66,-3.3461979831135404,2869.15,5.092797518428799
2024-02-21,3015.27,3017.25,2869.15,2968.67,3032.5,5.0,-2.104863973619124,2720.42,2.0,9.125429161673566,3197.66,-7.1611741085668825,2906.28,2.146730528373036
2024-02-22,2968.67,3035.27,2906.44,2969.67,3035.27,6.0,-2.1612574828598414,2720.42,1.0,9.162188191529248,3288.82,-9.704088396446144,2906.28,2.1811387753416693
2024-02-23,2969.67,2991.73,2906.28,2922.1,3035.27,5.0,-3.7284986179153776,2720.42,0.0,7.413561141294353,3490.66,-16.28803721932242,2906.62,0.5325773578933614
2024-02-24,2922.1,3005.45,2906.62,2992.35,3035.27,4.0,-1.4140422433589128,2766.78,0.0,8.152798560058974,3520.76,-15.008407275701845,2983.68,0.2905807593307618
2024-02-25,2992.35,3119.66,2983.68,3112.81,3119.66,6.0,-0.21957521011904851,2857.64,0.0,8.929396285046405,3520.76,-11.58698690055557,3037.24,2.4881142089528705
2024-02-26,3112.81,3197.66,3037.24,3178.24,3197.66,6.0,-0.6073191020934081,2869.15,1.0,10.772876984472742,3520.76,-9.728581329031243,3167.46,0.3403357895600811
2024-02-27,3178.24,3288.82,3167.46,3243.69,3288.82,6.0,-1.3722246884901,2869.15,0.0,13.054040395239005,3520.76,-7.869607698337863,3194.42,1.5423770199284996
2024-02-28,3243.69,3490.66,3194.42,3386.34,3490.66,6.0,-2.9885465785839846,2906.28,1.0,16.518023039762166,3643.81,-7.065955689237359,3303.6,2.5045405012713475
2024-02-29,3386.34,3520.76,3303.6,3342.24,3520.76,6.0,-5.0704961428782545,2906.28,0.0,15.00061934844542,3826.7,-12.65999425092116,3207.51,4.2004545582086905
2024-03-01,3342.24,3453.77,3340.92,3435.9,3520.76,5.0,-2.410275054249654,2906.62,0.0,18.209466665749225,3902.17,-11.948992483669342,3207.51,7.120476631405666
2024-03-02,3435.9,3461.78,3398.38,3423.65,3520.76,4.0,-2.758211295288521,2983.68,0.0,14.745884277134286,3939.52,-13.094742506701321,3207.51,6.738560440965105
2024-03-03,3423.65,3493.25,3365.52,3489.57,3520.76,3.0,-0.885888274122634,3037.24,0.0,14.892797408173223,4000.14,-12.76380326688565,3207.51,8.79373719801341
2024-03-04,3489.57,3643.81,3436.14,3631.85,3643.81,6.0,-0.32822787137639,3167.46,0.0,14.661274333377527,4000.14,-9.206927757528485,3207.51,13.229576836860982
2024-03-05,3631.85,3826.7,3207.51,3557.93,3826.7,6.0,-7.023545091070635,3194.42,0.0,11.379530556407728,4000.14,-11.054863079792208,3502.64,1.5785236278921033
2024-03-06,3557.93,3902.17,3502.64,3821.19,3902.17,6.0,-2.0752555629303697,3207.51,5.0,19.132598183637768,4091.01,-6.595437312546294,3737.47,2.240017980077439
2024-03-07,3821.19,3939.52,3737.47,3874.46,3939.52,6.0,-1.6514702298757196,3207.51,4.0,20.79338801749643,4092.73,-5.3331150601187955,3752.31,3.2553280512537635
2024-03-08,3874.46,4000.14,3828.33,3891.97,4000.14,6.0,-2.7041553545625923,3207.51,3.0,21.33929434358738,4092.73,-4.9052832705797895,3752.31,3.721973930725336
2024-03-09,3891.97,3950.61,3880.22,3913.28,4000.14,5.0,-2.1714240001599863,3207.51,2.0,22.0036726307946,4092.73,-4.384603919633101,3719.25,5.216912011830348
2024-03-10,3913.28,3971.32,3799.55,3881.86,4000.14,4.0,-2.956896508622192,3207.51,1.0,21.024096573354402,4092.73,-5.152306651061759,3567.56,8.809942930181979
2024-03-11,3881.86,4091.01,3752.31,4065.75,4091.01,6.0,-0.6174514361979124,3207.51,0.0,26.75720418642498,4092.73,-0.6592176859944345,3467.22,17.262533095678968
2024-03-12,4065.75,4092.73,3832.09,3979.43,4092.73,6.0,-2.7683233440759634,3502.64,0.0,13.612303862229632,4083.88,-2.5576167762030293,3411.95,16.632131185978693
2024-03-13,3979.43,4083.88,3934.38,4007.46,4092.73,5.0,-2.0834504108504586,3737.47,0.0,7.223870693276474,4012.91,-0.13581166784203527,3411.95,17.453655534225305
2024-03-14,4007.46,4012.91,3719.25,3880.8,4092.73,4.0,-5.178206233980737,3719.25,6.0,4.343617664851789,3931.65,-1.2933501201785487,3149.03,23.237949463803137
2024-03-15,3880.8,3931.65,3567.56,3742.44,4092.73,3.0,-8.55883481197147,3567.56,6.0,4.9019497920147135,3780.95,-1.0185270897525693,3057.97,22.38314960578424
2024-03-16,3742.44,3780.95,3467.22,3520.08,4092.73,2.0,-13.991883168447469,3467.22,6.0,1.5245643483828581,3676.55,-4.2558920727312355,3057.97,15.111659041782627
2024-03-17,3520.08,3676.55,3411.95,3641.61,4092.73,1.0,-11.022471553217532,3411.95,6.0,6.731048227553169,3642.66,-0.02882508935776952,3057.97,19.0858641517085
2024-03-18,3641.61,3642.66,3454.26,3520.31,4092.73,0.0,-13.986263447625424,3411.95,5.0,3.1758964814841995,3586.77,-1.8529205942951468,3057.97,15.119180371292071
2024-03-19,3520.31,3547.15,3149.03,3158.44,4083.88,0.0,-22.660802961889186,3149.03,6.0,0.2988221769878297,3586.77,-11.941942193115253,3057.97,3.2855129383218364
2024-03-20,3158.44,3535.92,3057.97,3516.66,4012.91,0.0,-12.366337645249956,3057.97,6.0,14.999820142120429,3659.32,-3.89853852628358,3250.83,8.177296259724438
2024-03-21,3516.66,3586.77,3411.44,3492.08,3931.65,0.0,-11.180293261099033,3057.97,5.0,14.196018927589224,3680.41,-5.11709293258088,3250.83,7.421181667451082
2024-03-22,3492.08,3542.29,3250.83,3337.08,3780.95,0.0,-11.739642153427047,3057.97,4.0,9.127296866875742,3680.41,-9.328580239701553,3271.78,1.9958554670546222
2024-03-23,3337.08,3435.43,3271.78,3330.49,3676.55,0.0,-9.412628687220366,3057.97,3.0,8.91179442571379,3680.41,-9.507636377468817,3300.55,0.9071215403493236
2024-03-24,3330.49,3470.85,3300.55,3454.45,3642.66,0.0,-5.166828636216392,3057.97,2.0,12.965464016978585,3680.41,-6.139533367206372,3420.9,0.9807360636089838
2024-03-25,3454.45,3659.32,3420.9,3590.96,3659.32,6.0,-1.8681066427642328,3057.97,1.0,17.42953658799793,3680.41,-2.43043573949641,3459.06,3.813174677513547
2024-03-26,3590.96,3680.41,3544.7,3587.6,3680.41,6.0,-2.521729915960449,3057.97,0.0,17.319659774294717,3665.39,-2.1222843953849377,3459.06,3.716038461316079
2024-03-27,3587.6,3665.39,3459.06,3499.77,3680.41,5.0,-4.908148820375987,3250.83,1.0,7.657736639565897,3654.87,-4.243652989025599,3414.46,2.4984917087914322
2024-03-28,3499.77,3611.7,3462.9,3561.1,3680.41,4.0,-3.241758391048822,3250.83,0.0,9.544331755274808,3654.87,-2.565617928955065,3213.09,10.831006912349164
2024-03-29,3561.1,3584.55,3474.1,3511.49,3680.41,3.0,-4.589706038185965,3271.78,0.0,7.326592863823349,3654.87,-3.922984948849073,3203.99,9.597408231611212
2024-03-30,3511.49,3567.15,3488.56,3507.56,3680.41,2.0,-4.6964876195858585,3300.55,0.0,6.2719849722015955,3654.87,-4.030512713174476,3203.99,9.474748672748673
2024-03-31,3507.56,3654.87,3506.31,3645.98,3680.41,1.0,-0.9354935998978331,3420.9,0.0,6.579555087842379,3646.35,-0.010147133434801675,3203.99,13.79498687573932
2024-04-01,3645.98,3646.35,3414.46,3505.52,3680.41,0.0,-4.751916226724736,3414.46,6.0,2.666893154408016,3507.54,-0.05759021992621558,3203.99,9.4110780620414
2024-04-02,3505.52,3507.54,3213.09,3279.4,3665.39,0.0,-10.530666586638796,3213.09,6.0,2.063745491100465,3459.61,-5.208968640973984,3203.99,2.3536278203115586
2024-04-03,3279.4,3368.57,3203.99,3312.24,3654.87,3.0,-9.374615239392922,3203.99,6.0,3.378599808363946,3728.57,-11.165942975457089,3211.37,3.141027038304521
2024-04-04,3312.24,3444.82,3252.11,3329.17,3654.87,2.0,-8.911397669410945,3203.99,5.0,3.907003455066973,3728.57,-10.711881498805175,3211.37,3.668216368714915
2024-04-05,3329.17,3348.68,3211.37,3319.12,3654.87,1.0,-9.186373249937754,3203.99,4.0,3.5933320640826008,3728.57,-10.981421831962395,3308.84,0.31068289793401144
2024-04-06,3319.12,3398.56,3308.84,3352.4,3654.87,0.0,-8.275807347456949,3203.99,3.0,4.6320369289542205,3728.57,-10.088854440174117,3345.47,0.2071457822069931
2024-04-07,3352.4,3459.61,3345.47,3453.85,3646.35,0.0,-5.27925185459432,3203.99,2.0,7.798401368293913,3728.57,-7.367972171636854,3095.49,11.576842438515394
2024-04-08,3453.85,3728.57,3407.31,3694.7,3728.57,6.0,-0.9083911526402977,3203.99,1.0,15.315590872630692,3726.03,-0.8408413244123204,2832.33,30.447370186383644
2024-04-09,3694.7,3726.03,3452.88,3504.83,3728.57,5.0,-6.000691954288111,3203.99,0.0,9.389542414302172,3617.34,-3.110296516224635,2832.33,23.74370218159607
2024-04-10,3504.83,3562.32,3413.05,3545.56,3728.57,4.0,-4.908316056826081,3211.37,1.0,10.40646203956567,3617.34,-1.9843310277717934,2832.33,25.181740828222704
2024-04-11,3545.56,3617.34,3473.65,3503.21,3728.57,3.0,-6.044140246797033,3211.37,0.0,9.087710229590492,3552.91,-1.3988533343090543,2832.33,23.68650545663818
2024-04-12,3503.21,3552.91,3095.49,3239.12,3728.57,2.0,-13.127016523761126,3095.49,6.0,4.639976223473509,3301.9,-1.9013295375389987,2832.33,14.362380089890655
2024-04-13,3239.12,3301.9,2832.33,3011.51,3728.57,1.0,-19.231501621264986,2832.33,6.0,6.326240233306157,3280.66,-8.204141849505882,2911.99,3.417594153826093
2024-04-14,3011.51,3175.48,2911.99,3158.26,3728.57,0.0,-15.295676358496687,2832.33,5.0,11.507486768844037,3280.66,-3.7309565758109535,2866.07,10.194796358777003
2024-04-15,3158.26,3280.66,3025.93,3103.0,3726.03,0.0,-16.72101405517401,2832.33,4.0,9.556442928613547,3172.03,-2.1762089261450934,2866.07,8.266720631387225
2024-04-16,3103.0,3128.0,2991.76,3085.42,3617.34,1.0,-14.704727783398852,2832.33,3.0,8.935752542959335,3198.43,-3.533296023361455,2866.07,7.653337148080817
2024-04-17,3085.42,3123.61,2914.87,2985.12,3617.34,0.0,-17.477483454693235,2832.33,2.0,5.394498522417938,3237.49,-7.795236433162725,2866.07,4.153771540820696
2024-04-18,2985.12,3095.76,2953.19,3065.69,3552.91,0.0,-13.713266027003213,2832.33,1.0,8.239152923564703,3265.06,-6.106166502300107,2866.07,6.964938051059461
2024-04-19,3065.69,3128.53,2866.07,3057.95,3301.9,0.0,-7.3881704473182195,2832.33,0.0,7.965879682099186,3293.6,-7.154785037648777,3020.15,1.2515934639007904
2024-04-20,3057.95,3172.03,3020.15,3157.04,3280.66,1.0,-3.7681442148835878,2866.07,5.0,10.152229359366652,3293.6,-4.146222977896525,3072.07,2.765887496053143
2024-04-21,3157.04,3198.43,3117.72,3148.11,3280.66,0.0,-4.040345540226654,2866.07,4.0,9.8406528800762,3293.6,-4.4173548700510015,3072.07,2.4752040155334987
2024-04-22,3148.11,3237.49,3130.02,3201.55,3237.49,6.0,-1.1101192590556141,2866.07,3.0,11.705227018181692,3293.6,-2.79481418508622,3068.25,4.344496048235971
2024-04-23,3201.55,3265.06,3153.66,3219.78,3265.06,6.0,-1.3868045303914704,2866.07,2.0,12.341289640518202,3356.14,-4.063000947517079,3068.25,4.938645807870943
2024-04-24,3219.78,3293.6,3103.6,3139.1,3293.6,6.0,-4.690915715326694,2866.07,1.0,9.526285122135878,3356.14,-6.466953106842979,3068.25,2.309133871099158
2024-04-25,3139.1,3191.65,3072.07,3155.47,3293.6,5.0,-4.193891182900174,2866.07,0.0,10.097450515863173,3356.14,-5.979190379423984,2916.96,8.176663375569078
2024-04-26,3155.47,3166.44,3101.66,3130.07,3293.6,4.0,-4.965083798882674,3020.15,0.0,3.6395543267718518,3356.14,-6.7360122044968245,2814.92,11.195700055418985
2024-04-27,3130.07,3281.58,3068.25,3253.23,3293.6,3.0,-1.225710468787949,3068.25,6.0,6.028843803471035,3356.14,-3.06632023693886,2814.92,15.570957611583985
2024-04-28,3253.23,3356.14,3247.4,3262.43,3356.14,6.0,-2.7921957963612973,3068.25,5.0,6.328688992096467,3286.13,-0.7212130986905653,2814.92,15.897787503730115
2024-04-29,3262.43,3286.13,3115.53,3215.73,3356.14,5.0,-4.1836752936409045,3068.25,4.0,4.806648741139086,3249.56,-1.0410640209751452,2814.92,14.238770551205715
2024-04-30,3215.73,3249.56,2916.96,3011.46,3356.14,4.0,-10.270131758508281,2916.96,6.0,3.2396741813394767,3171.62,-5.049785283230648,2814.92,6.982081195913203
2024-05-01,3011.46,3020.24,2814.92,2968.82,3356.14,3.0,-11.540638948315616,2814.92,6.0,5.467295695792424,3221.37,-7.839832121116162,2891.41,2.6772405158728896
2024-05-02,2968.82,3016.2,2891.41,2986.41,3356.14,2.0,-11.016524936385252,2814.92,5.0,6.092180239580513,3221.37,-7.2937911509699305,2958.91,0.9293962979610736
2024-05-03,2986.41,3128.05,2958.91,3103.77,3356.14,1.0,-7.51965055093053,2814.92,4.0,10.261392863740351,3221.37,-3.650620698646846,2937.08,5.675364647881572
2024-05-04,3103.77,3168.22,3094.62,3117.52,3356.14,0.0,-7.109953696806446,2814.92,3.0,10.749861452545717,3221.37,-3.2237836696809095,2937.08,6.143516690045898
2024-05-05,3117.52,3171.62,3074.21,3137.09,3286.13,0.0,-4.535426169993274,2814.92,2.0,11.445085473121797,3221.37,-2.6162781673635673,2878.86,8.969870017993234
2024-05-06,3137.09,3221.37,3046.59,3063.19,3249.56,0.0,-5.735238001452501,2814.92,1.0,8.819788839469682,3129.75,-2.1266874350986487,2878.86,6.402881696226976
2024-05-07,3063.19,3129.75,3000.11,3005.91,3221.37,5.0,-6.688458637163692,2814.92,0.0,6.7849175109772135,3058.63,-1.723647515390886,2878.86,4.413205227069039
2024-05-08,3005.91,3037.87,2937.08,2973.31,3221.37,4.0,-7.700450429475657,2891.41,0.0,2.8325280745380312,3058.63,-2.7894841808260615,2864.31,3.8054540185943564
2024-05-09,2973.31,3058.63,2949.86,3035.93,3221.37,3.0,-5.756556992832245,2937.08,5.0,3.3655875903959007,3053.17,-0.5646590265199853,2859.65,6.164390747119394
2024-05-10,3035.93,3053.17,2878.86,2909.58,3221.37,2.0,-9.678801255366505,2878.86,6.0,1.0670890560846933,3041.55,-4.338906149824933,2859.65,1.7460178693196664
2024-05-11,2909.58,2944.04,2886.48,2911.82,3221.37,1.0,-9.60926562301132,2878.86,5.0,1.1448976330908773,3041.6,-4.2668332456601705,2859.65,1.8243491336352378
2024-05-12,2911.82,2954.09,2900.58,2927.97,3221.37,0.0,-9.107926130807703,2878.86,4.0,1.705883578916643,3121.45,-6.198401383972193,2859.65,2.389103561624664
2024-05-13,2927.97,2994.62,2864.31,2950.16,3129.75,0.0,-5.738157999840247,2864.31,6.0,2.997231444920414,3147.62,-6.273311263748485,2859.65,3.165072648750713
2024-05-14,2950.16,2960.08,2859.65,2880.64,3058.63,1.0,-5.8192720270186395,2859.65,6.0,0.7340059098141305,3147.62,-8.481964150691635,2862.97,0.6171912384691448
2024-05-15,2880.64,3041.55,2862.97,3033.46,3058.63,0.0,-0.8229174499694332,2859.65,5.0,6.078016540485722,3694.25,-17.886986533125803,2924.04,3.742082871643345
2024-05-16,3033.46,3041.6,2924.04,2945.17,3053.17,0.0,-3.5373071266912746,2859.65,4.0,2.990575769762033,3838.22,-23.267295777730297,2933.76,0.38892070244327603
2024-05-17,2945.17,3121.45,2933.76,3093.44,3121.45,6.0,-0.8973393775328699,2859.65,3.0,8.175476019792631,3838.22,-19.404307204902267,3048.64,1.4695077149155094
2024-05-18,3093.44,3147.62,3085.46,3123.72,3147.62,6.0,-0.7593038549761436,2859.65,2.0,9.234346860629786,3945.85,-20.83530798180367,3048.64,2.462737482943212
2024-05-19,3123.72,3137.07,3054.06,3070.68,3147.62,5.0,-2.44438655237926,2859.65,1.0,7.379574423443419,3945.85,-22.179505049609087,3048.64,0.7229453133200366
2024-05-20,3070.68,3694.25,3048.64,3661.58,3694.25,6.0,-0.8843472964742525,2859.65,0.0,28.04294231811585,3945.85,-7.204277912236908,3545.21,3.2824571746102453
2024-05-21,3661.58,3838.22,3626.39,3789.36,3838.22,6.0,-1.2729859153461678,2862.97,0.0,32.35765655944702,3945.85,-3.9659388978293597,3545.21,6.886757060935745
2024-05-22,3789.36,3812.19,3653.74,3736.33,3838.22,5.0,-2.654615941764669,2924.04,0.0,27.77971573576285,3973.81,-5.976128702680803,3545.21,5.390935938914758
2024-05-23,3736.33,3945.85,3545.21,3781.61,3945.85,6.0,-4.162347783113899,2933.76,0.0,28.89977366928446,3973.81,-4.836668084281831,3628.42,4.221947845067551
2024-05-24,3781.61,3827.36,3628.42,3727.14,3945.85,5.0,-5.542785458139566,3048.64,2.0,22.255825548441273,3973.81,-6.20739290504579,3708.25,0.5094047057237208
2024-05-25,3727.14,3777.86,3708.25,3749.23,3945.85,4.0,-4.982956777373694,3048.64,1.0,22.980410937336,3973.81,-5.651503217315371,3700.91,1.3056248328113942
2024-05-26,3749.23,3882.33,3731.48,3824.34,3945.85,3.0,-3.0794378904418505,3048.64,0.0,25.444132465624026,3973.81,-3.7613776199667273,3700.91,3.3351256853044333
2024-05-27,3824.34,3973.81,3821.86,3891.26,3973.81,6.0,-2.0773514586756723,3545.21,2.0,9.761057878094674,3926.23,-0.8906762976188303,3700.91,5.143329613527494
2024-05-28,3891.26,3926.23,3769.74,3840.39,3973.81,5.0,-3.3574831207330016,3545.21,1.0,8.326164035416797,3883.1,-1.0998944142566516,3700.91,3.768802807958043
2024-05-29,3840.39,3883.1,3740.97,3762.22,3973.81,4.0,-5.32461290298228,3545.21,0.0,6.121217078819019,3849.89,-2.2772079202262945,3700.91,1.656619588155344
2024-05-30,3762.22,3823.86,3700.91,3746.97,3973.81,3.0,-5.708375589170095,3628.42,0.0,3.26726233456986,3849.89,-2.6733231339077244,3720.98,0.6984719079382254
2024-05-31,3746.97,3844.09,3720.98,3758.65,3973.81,2.0,-5.414451118699683,3700.91,5.0,1.5601568262940801,3887.65,-3.3181999408382956,3731.38,0.7308288086445225
2024-06-01,3758.65,3829.62,3748.85,3812.81,3973.81,1.0,-4.051527375491028,3700.91,4.0,3.0235806869121404,3887.65,-1.9250704152894458,3731.38,2.1823025261431384
2024-06-02,3812.81,3834.79,3750.64,3779.06,3973.81,0.0,-4.9008382383657,3700.91,3.0,2.111642812173225,3887.65,-2.7932041207413256,3584.45,5.42928482751887
2024-06-03,3779.06,3849.89,3758.03,3766.32,3926.23,0.0,-4.072863790455472,3700.91,2.0,1.7674031521977112,3887.65,-3.1209085179993035,3584.45,5.073860703873686
2024-06-04,3766.32,3832.27,3731.38,3810.73,3883.1,0.0,-1.8637171332183022,3700.91,1.0,2.9673782934467514,3887.65,-1.9785731740254415,3584.45,6.312823445716923
2024-06-05,3810.73,3887.65,3778.47,3866.46,3887.65,6.0,-0.5450593546229742,3700.91,0.0,4.473224152978597,3878.9,-0.32070947949160983,3584.45,7.867594749543172
2024-06-06,3866.46,3878.9,3758.9,3812.05,3887.65,5.0,-1.944619500212208,3720.98,0.0,2.447473515041741,3839.68,-0.7195912159346523,3420.98,11.431519623032003
2024-06-07,3812.05,3839.68,3584.45,3676.79,3887.65,4.0,-5.423842166861732,3584.45,6.0,2.576127439356112,3721.77,-1.2085647420447803,3420.98,7.477681833860471
2024-06-08,3676.79,3707.87,3660.99,3680.84,3887.65,3.0,-5.319666122207502,3584.45,5.0,2.689115484941911,3721.77,-1.0997455511759144,3420.98,7.596068962694905
2024-06-09,3680.84,3721.77,3666.37,3706.0,3887.65,2.0,-4.67248852134323,3584.45,4.0,3.391036281716866,3712.47,-0.17427750257914004,3360.4,10.284489941673607
2024-06-10,3706.0,3712.47,3643.95,3665.99,3887.65,1.0,-5.701644952606339,3584.45,3.0,2.2748259844606555,3671.15,-0.14055541179195372,3360.4,9.093857874062602
2024-06-11,3665.99,3671.15,3420.98,3497.32,3887.65,0.0,-10.040255681452804,3420.98,6.0,2.231524300054375,3656.3,-4.348111478817384,3360.4,4.074514938697776
2024-06-12,3497.32,3656.3,3462.28,3559.25,3878.9,0.0,-8.240738353656967,3420.98,5.0,4.041824272576863,3650.47,-2.498856311653015,3360.4,5.917450303535291
2024-06-13,3559.25,3560.44,3426.66,3467.79,3839.68,0.0,-9.685442536878071,3420.98,4.0,1.3683213582072957,3650.47,-5.004287119192867,3360.4,3.1957505058921516
2024-06-14,3467.79,3529.49,3360.4,3479.74,3721.77,1.0,-6.50308858419516,3360.4,6.0,3.551362932984159,3650.47,-4.6769320114944115,3360.4,3.551362932984159
2024-06-15,3479.74,3591.34,3471.43,3566.61,3721.77,0.0,-4.16898411239813,3360.4,5.0,6.136471848589455,3650.47,-2.2972384377901935,3360.4,6.136471848589455
2024-06-16,3566.61,3650.47,3539.39,3622.37,3712.47,0.0,-2.426955638698762,3360.4,4.0,7.795798119271509,3636.6,-0.39129956552824113,3360.4,7.795798119271509
2024-06-17,3622.37,3636.6,3464.1,3510.08,3671.15,0.0,-4.38745352273811,3360.4,3.0,4.45423163909058,3624.03,-3.144289644401406,3360.4,4.45423163909058
2024-06-18,3510.08,3515.3,3360.4,3482.27,3656.3,0.0,-4.759729781473079,3360.4,6.0,3.6266515890965327,3624.03,-3.911667397896822,3405.61,2.2509917459720827
2024-06-19,3482.27,3585.45,3464.99,3558.97,3650.47,3.0,-2.506526556854323,3360.4,5.0,5.909117962147355,3624.03,-1.7952390018846531,3238.76,9.886808531660252
2024-06-20,3558.97,3624.03,3484.24,3510.94,3650.47,2.0,-3.822247546206372,3360.4,4.0,4.479823830496368,3545.62,-0.9781082011044566,3238.76,8.403833565932635
2024-06-21,3510.94,3545.62,3445.09,3517.28,3650.47,1.0,-3.648571279862582,3360.4,3.0,4.668491846208788,3520.1,-0.08011136047270558,3238.76,8.599587496449256
2024-06-22,3517.28,3520.1,3474.17,3494.25,3650.47,0.0,-4.2794489476697475,3360.4,2.0,3.9831567670515384,3519.63,-0.7210985245608234,3238.76,7.888512887648353
2024-06-23,3494.25,3519.63,3405.61,3418.62,3636.6,0.0,-5.9940603860749055,3360.4,1.0,1.7325318414474409,3484.29,-1.8847455292182933,3238.76,5.55335992787362
2024-06-24,3418.62,3432.39,3238.76,3350.54,3624.03,2.0,-7.54657108246897,3238.76,6.0,3.4513208758907647,3484.29,-3.8386586650364922,3324.89,0.7714540932181243
2024-06-25,3350.54,3429.63,3335.17,3393.91,3624.03,1.0,-6.349837059847747,3238.76,5.0,4.790413615087244,3484.29,-2.5939287487551295,3324.89,2.075858148690633
2024-06-26,3393.91,3424.88,3324.89,3369.46,3624.03,0.0,-7.024500349058925,3238.76,4.0,4.0354950660129125,3519.01,-4.2497747946155355,3348.22,0.6343669173471348
2024-06-27,3369.46,3473.86,3360.17,3445.8,3545.62,0.0,-2.81530451655845,3238.76,3.0,6.392569995924364,3519.01,-2.080414662078256,3348.22,2.914384359450705
2024-06-28,3445.8,3484.29,3361.15,3373.8,3520.1,0.0,-4.156131928070217,3238.76,2.0,4.169496967975396,3519.01,-4.12644465346788,3248.43,3.8594028499921604
2024-06-29,3373.8,3402.58,3367.02,3373.52,3519.63,0.0,-4.151288629770746,3238.76,1.0,4.160851683977811,3519.01,-4.1344014367677335,3050.24,10.598510281158212
2024-06-30,3373.52,3454.57,3348.22,3432.82,3484.29,4.0,-1.4772019550611402,3238.76,0.0,5.991799330608008,3519.01,-2.4492684021926636,2813.4,22.016776853629064
2024-07-01,3432.82,3519.01,3421.6,3438.83,3519.01,6.0,-2.278481732078064,3324.89,1.0,3.426880287768921,3460.32,-0.6210408285938941,2813.4,22.23039738394824
2024-07-02,3438.83,3460.32,3397.31,3416.41,3519.01,5.0,-2.9155927377302238,3324.89,0.0,2.752572265548634,3427.05,-0.31047110488613605,2813.4,21.433496836567844
2024-07-03,3416.41,3427.05,3248.43,3292.16,3519.01,4.0,-6.446415327038012,3248.43,6.0,1.346188774269417,3309.66,-0.5287552195693818,2813.4,17.017132295443226
2024-07-04,3292.16,3309.66,3050.24,3058.81,3519.01,3.0,-13.077541694965353,3050.24,6.0,0.2809614981116294,3113.28,-1.749601706239087,2813.4,8.722897561669148
2024-07-05,3058.81,3107.89,2813.4,2982.07,3519.01,2.0,-15.258268660788122,2813.4,6.0,5.995237079690057,3151.0,-5.361155188828938,2823.46,5.617575598733474
2024-07-06,2982.07,3081.82,2956.02,3067.54,3519.01,1.0,-12.829460558509359,2813.4,5.0,9.033198265443943,3216.8,-4.640014921661285,2823.46,8.644712515849346
2024-07-07,3067.54,3073.37,2922.6,2931.2,3519.01,0.0,-16.703845683871325,2813.4,4.0,4.187104570981721,3216.8,-8.878388460581956,2823.46,3.8158854738512242
2024-07-08,2931.2,3095.59,2823.46,3018.49,3460.32,0.0,-12.768472280020355,2813.4,3.0,7.289756166915465,3216.8,-6.1648221835364465,3003.39,0.5027652086475586
2024-07-09,3018.49,3113.28,3003.39,3066.44,3427.05,0.0,-10.522461008739297,2813.4,2.0,8.994099665884693,3269.15,-6.200694370096203,3024.32,1.3927097661623071
2024-07-10,3066.44,3151.0,3024.32,3100.44,3309.66,0.0,-6.321495259331769,2813.4,1.0,10.20260183407976,3495.92,-11.312615849332937,3045.45,1.8056444860365541
2024-07-11,3100.44,3216.8,3055.15,3099.49,3216.8,6.0,-3.64679184282518,2813.4,0.0,10.168834861733123,3500.11,-11.445925985183331,3045.45,1.774450409627476
2024-07-12,3099.49,3158.27,3045.45,3134.62,3216.8,5.0,-2.554712758020402,2823.46,2.0,11.020520921139305,3518.37,-10.907039339239477,3114.5,0.6460105956012165
2024-07-13,3134.62,3203.26,3114.5,3176.67,3216.8,4.0,-1.2475130564536219,2823.46,1.0,12.509828366614014,3518.37,-9.711883627929973,3164.68,0.37886926956280687
2024-07-14,3176.67,3269.15,3164.68,3246.12,3269.15,6.0,-0.7044644632396861,2823.46,0.0,14.96957633541824,3542.18,-8.358129739313078,3234.16,0.36980235980903964
2024-07-15,3246.12,3495.92,3234.16,3485.5,3495.92,6.0,-0.29806174054326395,3003.39,0.0,16.05219435371364,3542.18,-1.600144543755536,3348.6,4.08827569730634
2024-07-16,3485.5,3500.11,3348.6,3446.19,3500.11,6.0,-1.5405230121339064,3024.32,0.0,13.949251401968041,3547.99,-2.869230183850567,3367.76,2.3288476613535356
2024-07-17,3446.19,3518.37,3377.02,3387.66,3518.37,6.0,-3.7150726046436287,3045.45,1.0,11.236763039944837,3563.26,-4.928071485100732,3367.76,0.590897213578154
2024-07-18,3387.66,3489.81,3367.76,3425.94,3518.37,5.0,-2.6270687846929075,3045.45,0.0,12.493720139880814,3563.26,-3.853774352699499,3376.46,1.465440135526558
2024-07-19,3425.94,3542.18,3376.46,3506.0,3542.18,6.0,-1.0214048975489625,3114.5,0.0,12.570235992936265,3563.26,-1.6069554284559706,3305.26,6.073349751608036
2024-07-20,3506.0,3541.04,3482.21,3518.85,3542.18,5.0,-0.6586339485853324,3164.68,0.0,11.191336880822076,3563.26,-1.246330607365174,3086.98,13.990048526391485
2024-07-21,3518.85,3547.99,3413.6,3536.46,3547.99,6.0,-0.32497273103925733,3234.16,0.0,9.347094763400705,3563.26,-0.7521202494345116,3086.98,14.560508976410603
2024-07-22,3536.46,3563.26,3424.39,3441.05,3563.26,6.0,-3.4297244657981745,3348.6,0.0,2.7608552828047626,3541.2,-2.8281373545690625,3086.98,11.469786004444478
2024-07-23,3441.05,3541.2,3390.66,3483.07,3563.26,5.0,-2.2504672687370566,3367.76,1.0,3.4239375727486503,3488.34,-0.15107472322078644,3086.98,12.830986919254423
2024-07-24,3483.07,3488.34,3305.26,3335.15,3563.26,4.0,-6.401722018600947,3305.26,6.0,0.9043161506205221,3396.47,-1.8054038457574986,3086.98,8.039248715573152
2024-07-25,3335.15,3342.09,3086.98,3174.48,3563.26,3.0,-10.910795170714463,3086.98,6.0,2.834485484194909,3396.47,-6.5359034527023585,3170.16,0.1362707245060238
2024-07-26,3174.48,3286.14,3170.16,3274.89,3563.26,2.0,-8.092870012292124,3086.98,5.0,6.087179055257884,3396.47,-3.579598818773607,3191.5,2.6128779570734726
2024-07-27,3274.89,3328.21,3191.5,3249.36,3563.26,1.0,-8.809348742443719,3086.98,4.0,5.2601571762693675,3396.47,-4.331261574517063,3077.63,5.57994300809389
2024-07-28,3249.36,3284.22,3198.42,3270.15,3563.26,0.0,-8.225894265363742,3086.98,3.0,5.933630927314076,3396.47,-3.719155476126676,2963.83,10.335275639965861
2024-07-29,3270.15,3396.47,3257.12,3317.94,3541.2,0.0,-6.304642494069801,3086.98,2.0,7.481745913481785,3365.72,-1.4196070974412531,2857.64,16.107697260676648
2024-07-30,3317.94,3365.72,3233.0,3278.41,3488.34,0.0,-6.018048699381376,3086.98,1.0,6.201206357022068,3348.14,-2.082648873703012,2631.57,24.58000357201213
2024-07-31,3278.41,3348.14,3212.6,3231.84,3396.47,4.0,-4.847091244733493,3086.98,0.0,4.6926121970339985,3242.01,-0.31369428225082807,2121.38,52.34611432180939
2024-08-01,3231.84,3242.01,3077.63,3200.67,3396.47,3.0,-5.764808757327453,3077.63,6.0,3.9978814867284225,3215.63,-0.46522765367906244,2121.38,50.87678775136939
2024-08-02,3200.67,3215.63,2963.83,2985.72,3396.47,2.0,-12.093438187294456,2963.83,6.0,0.738571375551225,3016.01,-1.0043070148971793,2121.38,40.74423252788278
2024-08-03,2985.72,3016.01,2857.64,2902.09,3396.47,1.0,-14.555700477260206,2857.64,6.0,1.5554793465937022,2932.92,-1.0511708468011376,2121.38,36.80198738556977
2024-08-04,2902.09,2932.92,2631.57,2688.08,3396.47,0.0,-20.85665411441879,2631.57,6.0,2.1473873011168148,2725.27,-1.3646354306178858,2121.38,26.713742940915807
2024-08-05,2688.08,2695.99,2121.38,2420.39,3365.72,0.0,-28.087006643452217,2121.38,6.0,14.095070190159223,2725.27,-11.187148429329943,2309.57,4.798295786661574
2024-08-06,2420.39,2555.03,2416.38,2462.39,3348.14,0.0,-26.454986947977087,2121.38,5.0,16.074913499703012,2725.27,-9.646016724948357,2309.57,6.616816117285889
2024-08-07,2462.39,2552.44,2309.57,2343.5,3242.01,0.0,-27.71459680876987,2121.38,4.0,10.470542759901567,2750.36,-14.792972556319903,2321.44,0.9502722448135617
2024-08-08,2343.5,2725.27,2321.44,2683.62,3215.63,0.0,-16.544502943435663,2121.38,3.0,26.503502437092823,2750.36,-2.426591428031248,2510.8,6.883065158515202
2024-08-09,2683.62,2708.37,2553.45,2600.21,3016.01,0.0,-13.78642643757813,2121.38,2.0,22.571627902591704,2780.36,-6.479376771353353,2510.8,3.5610164091126273
2024-08-10,2600.21,2645.71,2577.75,2610.64,2932.92,0.0,-10.988366542558275,2121.38,1.0,23.063288991128402,2780.36,-6.104245493389354,2510.8,3.976421857575262
2024-08-11,2610.64,2720.01,2541.45,2555.67,2725.27,3.0,-6.22323659674087,2121.38,0.0,20.472051211946937,2780.36,-8.081327597865027,2510.8,1.7870798151983387
2024-08-12,2555.67,2750.36,2510.8,2723.07,2750.36,6.0,-0.9922337439462456,2309.57,1.0,17.903765636027487,2780.36,-2.0605245363909694,2516.45,8.210773112917021
2024-08-13,2723.07,2738.95,2611.9,2703.6,2750.36,5.0,-1.7001410724414336,2309.57,0.0,17.060751568473773,2780.36,-2.7607935663007748,2516.45,7.437064118102887
2024-08-14,2703.6,2780.36,2634.08,2661.98,2780.36,6.0,-4.257722021608716,2321.44,0.0,14.669343166310563,2688.05,-0.969848031100618,2516.45,5.783146893441166
2024-08-15,2661.98,2675.61,2516.45,2570.39,2780.36,5.0,-7.551899753988701,2510.8,3.0,2.3733471403536597,2696.96,-4.693061817750362,2551.62,0.7356111019665931
2024-08-16,2570.39,2631.33,2551.62,2593.7,2780.36,4.0,-6.713519112632907,2510.8,2.0,3.3017364983272115,2696.96,-3.828755339345048,2536.65,2.2490292314666873
2024-08-17,2593.7,2627.79,2588.33,2614.92,2780.36,3.0,-5.950308593131826,2510.8,1.0,4.1468854548351075,2696.96,-3.0419435215946833,2536.65,3.0855656081840213
2024-08-18,2614.92,2688.05,2595.09,2612.58,2780.36,2.0,-6.034470356356738,2510.8,0.0,4.0536880675481815,2801.3,-6.736872166494136,2536.65,2.9933179587250835
2024-08-19,2612.58,2648.59,2564.33,2637.47,2780.36,1.0,-5.139262541541394,2516.45,2.0,4.809155755131236,2821.03,-6.50684324519769,2536.65,3.9745333412177364
2024-08-20,2637.47,2696.96,2555.47,2573.25,2780.36,0.0,-7.4490353767138116,2516.45,1.0,2.2571479663812193,2821.03,-8.783316731831997,2536.65,1.4428478505114977
2024-08-21,2573.25,2665.0,2536.65,2631.39,2696.96,5.0,-2.4312559326056067,2516.45,0.0,4.567545550279166,2821.03,-6.722367362275492,2585.16,1.7882838973216366
2024-08-22,2631.39,2645.74,2585.16,2623.57,2696.96,4.0,-2.721212031324153,2536.65,5.0,3.426566534602727,2821.03,-6.99957107864858,2397.41,9.433513666832138
2024-08-23,2623.57,2801.3,2622.04,2764.81,2801.3,6.0,-1.3026095027308833,2536.65,4.0,8.994540042970053,2821.03,-1.9928891220582643,2397.41,15.324871423744796
2024-08-24,2764.81,2821.03,2734.68,2769.86,2821.03,6.0,-1.8138764919196204,2536.65,3.0,9.193621508682712,2793.69,-0.8529937108268967,2397.41,15.535515410380382
2024-08-25,2769.86,2793.69,2734.94,2747.52,2821.03,5.0,-2.6057858299982706,2536.65,2.0,8.312932410856835,2763.44,-0.5760935645427464,2397.41,14.603676467521206
2024-08-26,2747.52,2763.44,2667.78,2681.15,2821.03,4.0,-4.958472614612397,2536.65,1.0,5.696489464451146,2700.25,-0.7073419127858498,2397.41,11.835272231282937
2024-08-27,2681.15,2700.25,2397.41,2458.29,2821.03,3.0,-12.858424050789969,2397.41,6.0,2.5394071101730664,2596.48,-5.322205447374909,2399.46,2.4518016553724555
2024-08-28,2458.29,2555.36,2419.63,2528.73,2821.03,2.0,-10.361463720697765,2397.41,5.0,5.477577886135462,2596.48,-2.6093018240078876,2399.46,5.387462178990272
2024-08-29,2528.73,2596.48,2505.99,2527.97,2821.03,1.0,-10.3884042353325,2397.41,4.0,5.445877008938811,2564.12,-1.4098404130851945,2399.46,5.3557883857201105
2024-08-30,2527.97,2549.39,2431.81,2526.02,2821.03,0.0,-10.457527924197906,2397.41,3.0,5.36453923192112,2564.12,-1.4858898959487041,2307.38,9.475682375681503
2024-08-31,2526.02,2533.75,2492.3,2513.01,2793.69,0.0,-10.046927182328742,2397.41,2.0,4.821870268331256,2564.12,-1.9932764457201564,2307.38,8.911839402265779
2024-09-01,2513.01,2516.11,2399.46,2426.06,2763.44,0.0,-12.208696407376317,2397.41,1.0,1.1950396469523399,2564.12,-5.384303386736968,2150.58,12.809567651517268
2024-09-02,2426.06,2564.12,2423.46,2538.22,2700.25,0.0,-6.000555504119996,2397.41,0.0,5.87342173428825,2553.6,-0.6022869674185507,2150.58,18.02490490937328
2024-09-03,2538.22,2553.6,2412.13,2424.4,2596.48,1.0,-6.627434064579736,2399.46,4.0,1.0394005317863209,2489.97,-2.633365060623209,2150.58,12.732379172130317
2024-09-04,2424.4,2489.97,2307.38,2450.36,2596.48,0.0,-5.627618930244018,2307.38,6.0,6.196638611758791,2465.98,-0.6334195735569587,2150.58,13.93949539194079
2024-09-05,2450.36,2465.98,2347.87,2367.89,2564.12,3.0,-7.652917960157872,2307.38,5.0,2.622454905563876,2408.12,-1.6705978107403294,2150.58,10.104715937096037
2024-09-06,2367.89,2408.12,2150.58,2224.52,2564.12,2.0,-13.244309938692414,2150.58,6.0,3.4381422685973115,2399.89,-7.307418256670093,2221.47,0.1372964748567472
2024-09-07,2224.52,2311.5,2221.47,2273.45,2564.12,1.0,-11.336052914840183,2150.58,5.0,5.713342447153786,2399.89,-5.26857480967878,2240.93,1.4511832141119974
2024-09-08,2273.45,2333.32,2240.93,2297.39,2564.12,0.0,-10.402399263685009,2150.58,4.0,6.826530517348806,2467.01,-6.875529487111942,2272.96,1.074809939462192
2024-09-09,2297.39,2381.15,2272.96,2360.0,2553.6,0.0,-7.58145363408521,2150.58,3.0,9.737838164588162,2467.01,-4.3376394907195435,2277.46,3.6242129389758753
2024-09-10,2360.0,2399.89,2321.2,2388.83,2489.97,0.0,-4.0618963280682046,2150.58,2.0,11.078406755386919,2467.01,-3.1690183663625313,2277.46,4.890096862293954
2024-09-11,2388.83,2389.63,2277.46,2340.73,2465.98,0.0,-5.079116618950681,2150.58,1.0,8.84180081652392,2467.01,-5.11874698521693,2252.35,3.923901702666109
2024-09-12,2340.73,2392.23,2315.2,2361.91,2408.12,0.0,-1.9189243060977044,2150.58,0.0,9.826651414967122,2467.01,-4.260217834544665,2252.35,4.86425289142451
2024-09-13,2361.91,2467.01,2337.55,2441.28,2467.01,6.0,-1.042962938942283,2221.47,0.0,9.894799389593397,2442.6,-0.054040776222046547,2252.35,8.388127955246755
2024-09-14,2441.28,2442.6,2380.27,2418.52,2467.01,5.0,-1.965537229277556,2240.93,0.0,7.924834778417895,2495.81,-3.096790220409405,2252.35,7.377627810953008
2024-09-15,2418.52,2430.97,2284.83,2316.46,2467.01,4.0,-6.102528972318725,2272.96,0.0,1.9138040264676897,2572.48,-9.9522639631795,2252.35,2.8463604679556966
2024-09-16,2316.46,2335.55,2252.35,2295.53,2467.01,3.0,-6.950924398360769,2252.35,6.0,1.9171087974782026,2623.23,-12.492232857965172,2263.23,1.4271638322220976
2024-09-17,2295.53,2394.13,2263.23,2342.21,2467.01,2.0,-5.058755335406024,2252.35,5.0,3.989610850889077,2632.42,-11.024456583675859,2277.24,2.8530150533101586
2024-09-18,2342.21,2376.81,2277.24,2375.01,2467.01,1.0,-3.7292106639211022,2252.35,4.0,5.445867649344032,2703.72,-12.157693844037091,2373.21,0.07584663809777398
2024-09-19,2375.01,2495.81,2373.21,2465.83,2495.81,6.0,-1.2012132333791443,2252.35,3.0,9.478100650431772,2703.72,-8.798618200109475,2438.28,1.129894843906349
2024-09-20,2465.83,2572.48,2438.28,2561.88,2572.48,6.0,-0.41205373802711426,2252.35,2.0,13.742535573956099,2703.72,-5.246105365940249,2525.5,1.4405068303306319
2024-09-21,2561.88,2623.23,2529.08,2613.27,2623.23,6.0,-0.3796845873217383,2252.35,1.0,16.024152551779256,2703.72,-3.3453907949047914,2525.5,3.4753514155612746
2024-09-22,2613.27,2632.42,2525.5,2581.43,2632.42,6.0,-1.9370009345013424,2252.35,0.0,14.610517903522984,2729.09,-5.410594740371344,2540.14,1.625500956640184
2024-09-23,2581.43,2703.72,2540.14,2647.17,2703.72,6.0,-2.09156273578624,2263.23,0.0,16.964250208772423,2729.09,-3.0017331784587564,2554.44,3.630149856720064
2024-09-24,2647.17,2671.47,2591.67,2653.41,2703.72,5.0,-1.860769606320179,2277.24,0.0,16.51868050798335,2729.09,-2.773085534005851,2554.44,3.8744304035326644
2024-09-25,2653.41,2673.98,2554.44,2579.69,2703.72,4.0,-4.5873833089225124,2373.21,0.0,8.700452130237107,2729.09,-5.474352256613013,2558.97,0.8097007780474276
2024-09-26,2579.69,2667.12,2558.97,2632.81,2703.72,3.0,-2.622682822185724,2438.28,0.0,7.978164935938438,2729.09,-3.5279158987061696,2412.86,9.115738169641
2024-09-27,2632.81,2729.09,2615.78,2695.48,2729.09,6.0,-1.2315460464843637,2525.5,1.0,6.730548406256187,2704.85,-0.34641477346248006,2351.69,14.618848572728545
2024-09-28,2695.48,2704.85,2650.36,2676.03,2729.09,5.0,-1.9442378228640294,2525.5,0.0,5.960403880419727,2684.06,-0.299173639933524,2309.02,15.894621960831879
2024-09-29,2676.03,2684.06,2634.67,2658.08,2729.09,4.0,-2.6019662231733,2540.14,0.0,4.643051170407932,2663.74,-0.21248320031233736,2309.02,15.117235883621621
2024-09-30,2658.08,2663.74,2574.29,2601.63,2729.09,3.0,-4.670421275956455,2554.44,1.0,1.8473716352703549,2658.14,-2.1259226376338254,2309.02,12.672475768940942
2024-10-01,2601.63,2658.14,2412.86,2447.54,2729.09,2.0,-10.316625688416291,2412.86,6.0,1.4372984756678726,2498.47,-2.0384475298882854,2309.02,5.9990818615689765
2024-10-02,2447.54,2498.47,2351.69,2363.64,2729.09,1.0,-13.39091052328799,2351.69,6.0,0.5081452062133962,2520.68,-6.230064903121379,2309.02,2.3655057123801395
2024-10-03,2363.64,2403.1,2309.02,2349.81,2729.09,0.0,-13.897672850657186,2309.02,6.0,1.7665503113875134,2520.68,-6.778726375422502,2339.08,0.45872736289481414
2024-10-04,2349.81,2441.17,2339.08,2414.67,2704.85,0.0,-10.728136495554276,2309.02,5.0,4.575534209318243,2520.68,-4.205611184283597,2349.45,2.775968843771958
2024-10-05,2414.67,2428.3,2389.86,2414.79,2684.06,0.0,-10.032190040461092,2309.02,4.0,4.580731219305159,2520.68,-4.200850564133483,2327.91,3.7321030452208257
2024-10-06,2414.79,2457.66,2406.92,2439.96,2663.74,0.0,-8.400970064645941,2309.02,3.0,5.670804064061812,2520.68,-3.202310487646183,2327.91,4.813330412258214
2024-10-07,2439.96,2520.68,2403.11,2422.14,2658.14,0.0,-8.878388647701025,2309.02,2.0,4.899048081004058,2489.88,-2.720613041592375,2327.91,4.047836900911118
2024-10-08,2422.14,2464.96,2400.15,2439.67,2520.68,5.0,-3.213815319675634,2309.02,1.0,5.658244623260089,2489.88,-2.0165630472151284,2327.91,4.800872885979278
2024-10-09,2439.67,2472.34,2349.45,2368.44,2520.68,4.0,-6.039640097116643,2309.02,0.0,2.573386111856981,2653.38,-10.738755851027747,2327.91,1.7410466899493624
2024-10-10,2368.44,2418.45,2327.91,2384.4,2520.68,3.0,-5.406477617150918,2327.91,6.0,2.426640205162581,2687.32,-11.272196835508986,2380.07,0.1819274223027023
2024-10-11,2384.4,2471.51,2380.07,2439.03,2520.68,2.0,-3.2392052938095923,2327.91,5.0,4.773380414191285,2687.32,-9.239316493755858,2433.76,0.21653737426862063
2024-10-12,2439.03,2489.88,2433.76,2475.93,2520.68,1.0,-1.7753145976482538,2327.91,4.0,6.358493240718069,2687.32,-7.866201271154917,2436.05,1.6370764146876973
2024-10-13,2475.93,2484.69,2436.05,2468.12,2520.68,0.0,-2.085151625751779,2327.91,3.0,6.02299917093015,2687.32,-8.156825387374791,2442.68,1.0414790312279978
2024-10-14,2468.12,2653.38,2442.68,2629.02,2653.38,6.0,-0.9180743052257921,2327.91,2.0,12.934778406381698,2687.32,-2.1694476281202157,2536.79,3.635697081745041
2024-10-15,2629.02,2687.32,2536.79,2606.92,2687.32,6.0,-2.991828289894768,2327.91,1.0,11.985428989952371,2758.61,-5.498783807787257,2574.89,1.2439366341863225
2024-10-16,2606.92,2647.0,2588.65,2610.95,2687.32,5.0,-2.841864757453535,2327.91,0.0,12.158545648242413,2768.44,-5.688763346866836,2574.89,1.4004481744851216
2024-10-17,2610.95,2647.64,2574.89,2605.1,2687.32,4.0,-3.0595537561585613,2380.07,0.0,9.45476393551449,2768.44,-5.900073687708606,2595.49,0.37025763921263916
2024-10-18,2605.1,2676.03,2595.49,2642.22,2687.32,3.0,-1.6782519387345147,2433.76,0.0,8.565347445927271,2768.44,-4.559246362572432,2447.63,7.950139522721968
2024-10-19,2642.22,2663.13,2631.03,2648.12,2687.32,2.0,-1.45870235029696,2436.05,0.0,8.70548634059234,2768.44,-4.3461299504414095,2447.63,8.191189027753369
2024-10-20,2648.12,2758.61,2635.5,2746.4,2758.61,6.0,-0.442614215130085,2442.68,0.0,12.433884094519145,2768.44,-0.7961162242996043,2379.92,15.398836935695318
2024-10-21,2746.4,2768.44,2653.51,2665.9,2768.44,6.0,-3.70389099998555,2536.79,0.0,5.089502875681476,2670.69,-0.1793543990504313,2379.92,12.016370298161283
2024-10-22,2665.9,2670.69,2605.16,2621.31,2768.44,5.0,-5.314545375735075,2574.89,1.0,1.8027954592235038,2626.44,-0.19532142367615896,2379.92,10.14277790850112
2024-10-23,2621.31,2626.44,2447.63,2522.33,2768.44,4.0,-8.889844099926316,2447.63,6.0,3.0519318687873502,2564.77,-1.6547292739699877,2379.92,5.98381458200275
2024-10-24,2522.33,2559.63,2505.09,2534.54,2768.44,3.0,-8.44880149109246,2447.63,5.0,3.5507817766574137,2564.77,-1.1786631939706103,2379.92,6.49685703721133
2024-10-25,2534.54,2564.77,2379.92,2436.2,2768.44,2.0,-12.000982502781358,2379.92,6.0,2.3647853709368274,2504.68,-2.7340817988725115,2426.19,0.4125810427048073
2024-10-26,2436.2,2504.68,2426.19,2479.7,2768.44,1.0,-10.429700481137399,2379.92,5.0,4.1925779017782006,,,,
